TimeStamp,Temperature_C,Humidity_%,Vibration_mms,Power_kW
0,52.0,67.26014996200821,0.9858570648850262,2.851747596928797
1,38.0,30.764558802153477,0.6308431270709154,4.516673699920648
2,40.0,67.88842648469824,0.827744910344461,4.468097356037132
3,59.0,60.993799501204734,0.9115755888759034,3.965302140947628
4,21.0,13.672178874522034,1.003461321235018,3.129330859929517
5,38.0,98.54904309145932,0.7832816439038957,4.013765518607896
6,52.0,73.9934126491832,0.9236901451500836,2.243677789661636
7,32.0,45.74255675791446,0.5621763428278661,4.626862612422737
8,31.0,64.88961955524124,1.3093706979605897,4.774874250902292
9,22.0,65.43367391669324,0.9022873216012468,3.856990615724023
10,20.0,7.352658511035514,1.1099606612617428,2.316676758284497
11,15.0,15.150968401901888,0.7329671893993934,1.885582391779797
12,33.0,52.32431913406788,0.9382618866321116,3.1446976250141394
13,34.28526645768025,58.989630180010366,0.8285056968264674,2.972285825920012
14,23.0,12.64383272222024,0.7910077585799843,1.685835814190936
15,43.0,93.3129275666813,1.3567381669866296,3.5470920608710603
16,27.0,3.7760194247335783,1.0017219616749695,3.771494267866671
17,39.0,8.154099165866835,0.8380320221693336,2.9836851558857167
18,24.0,47.48394595365838,1.3467880984048186,4.4465657271172825
19,34.28526645768025,94.33687621663228,1.4141617224786076,1.6503999075199536
20,50.0,22.858208606209207,0.5075711181530347,3.6647052704083065
21,13.0,97.19793116015563,1.4537449995856755,4.47265229412529
22,56.0,40.58523656978018,0.9539325862596708,4.02813687875401
23,11.0,99.46188674333068,1.436646430070851,1.7877376205584694
24,16.0,24.6618898281169,1.1779922240345126,1.6217486251660902
25,25.0,31.11059044116544,0.5957230465056671,2.9836851558857167
26,19.0,56.36600039547204,1.448568979776151,1.4896075268893036
27,34.28526645768025,48.36883440874636,1.4137196659911506,2.5286117025794845
28,59.0,48.66934233885898,0.5010119129509422,3.693221954569969
29,38.0,74.23286130606321,1.4237181612051957,1.6807696064744948
30,37.0,28.39801326829874,0.9277617513058328,3.705941593004548
31,28.0,48.36883440874636,0.6661306869874745,3.076386042931019
32,56.0,99.44847072577468,0.5178338470101235,1.972289162881427
33,30.0,64.25161524091652,0.5076093713271029,4.9659640003949175
34,12.0,37.396532189030985,0.6313691458137874,3.927170864532431
35,10.0,48.36883440874636,0.697661838926742,3.764892377653311
36,23.0,54.681312973914906,0.9624081317133388,1.4456875302099903
37,30.0,37.365451292526416,1.1518853302839362,4.054409733992988
38,26.0,48.36883440874636,0.6031676496934019,4.408770550001696
39,44.0,17.202555594904688,0.6624589688135324,3.275183871705801
40,54.0,75.72586879378574,0.7367133144041507,2.9836851558857167
41,58.0,39.48799933123303,1.3637648126132706,2.224878006448213
42,53.0,62.25964512328932,0.7034782569826836,3.515076780983783
43,60.0,3.149409770765055,0.916715047017502,4.188548619554686
44,16.0,29.6385251062968,1.28877135579188,3.307373971589052
45,51.0,29.013945354114945,1.467236732186619,3.525777950711786
46,58.0,68.89870254639534,1.1214890960678374,2.538395230583596
47,34.0,80.79351643423787,1.4034535544325035,1.1267941206312804
48,24.0,44.22749020840351,0.6971115824849716,1.2375873440642633
49,34.0,87.89395671468905,1.253223996881127,4.550465543149612
50,53.0,33.115345061189046,0.8570005447191268,3.698247878564918
51,46.0,98.58145795492956,0.6191943041332517,1.1152040522631306
52,25.0,53.69648473189545,0.6695459468641094,2.7783499732200907
53,22.0,19.967438391185453,1.322910004983447,1.7517120192342048
54,42.0,22.71457202040913,1.1591437810476533,3.4239480408185727
55,56.0,2.107059436355063,1.4937876539121822,2.187346488780926
56,42.0,11.949977055699756,1.307249235877932,1.97749984205142
57,12.0,0.9673507818667382,1.3343132827534556,2.9836851558857167
58,33.0,72.7471179182209,1.3225666576870845,4.398931375796524
59,23.0,65.50352855577509,1.1112531965801526,4.127266670802218
60,29.0,25.530315498596117,0.8830970478312102,4.36480186636172
61,31.0,81.18985034691438,1.062998807412709,3.681215075017533
62,55.0,96.73164547319676,0.5713996597874614,1.6855856543230154
63,56.0,93.9133614829006,1.3064860973838788,4.341300293554024
64,18.0,93.34226087680273,1.1853080724693503,3.8198685276070177
65,20.0,3.269863768875769,0.8255110436585601,3.729704423455889
66,42.0,27.61702122828511,0.7826715061704541,3.3153194672321327
67,57.0,43.85949572818792,0.5186030944658304,2.994249589267541
68,11.0,14.79889796147903,0.8636115446448654,1.3037397881785004
69,17.0,14.356647707121772,0.6645025213829072,3.2084604141836763
70,26.0,46.85987543677279,0.712186142105242,2.5595032792690158
71,14.0,98.66815191134972,0.5034841113224864,2.974636462144413
72,46.0,35.954133683734646,1.0158788764549258,3.3283734432436742
73,17.0,52.78495939624408,0.948626800006082,4.409007751034073
74,31.0,44.55698613517479,0.5250138691310202,2.4274842375687764
75,47.0,57.95977816509984,0.9555059752830348,4.293062169779404
76,55.0,29.406927211037427,0.8571025014518087,2.4993254751837823
77,47.0,25.8313649012605,1.2345951430746052,2.340734561300063
78,53.0,23.27972704974516,1.3210640614887137,2.9836851558857167
79,19.0,95.00921605988518,0.6666247005797479,3.5497518633349365
80,51.0,36.65226296005277,1.058567307957054,1.2401936347452085
81,37.0,96.8293426328187,0.8782708322218582,3.033589122310154
82,38.0,34.7060694930603,0.6665681876306122,1.2175504489634197
83,53.0,-2.0214683228768706,0.9080136810224874,4.46053177456192
84,26.0,4.573267723346374,1.4239957459825898,2.5681555974598864
85,18.0,48.36883440874636,1.408015415933864,4.676650802743922
86,23.0,48.44348505654183,0.5863400191376912,1.7950569104647989
87,26.0,77.43863003389797,1.3159097300275686,1.7375509289148998
88,41.0,47.830976824365344,1.2573079110239775,4.733454100738715
89,50.0,5.55151657055254,0.5285454132276073,4.432374145216732
90,12.0,15.628000065739588,0.6334290367452513,3.3042723900213207
91,50.0,0.0792821342171956,1.035888438359669,1.3963262945431714
92,23.0,67.54059514833597,0.9544629180660864,3.421716672199962
93,11.0,87.52054001842224,1.3041407017457112,2.042083651215193
94,19.0,35.84991621865194,1.3137732656175063,1.5236250745141149
95,52.0,13.494501941803282,1.003461321235018,3.65270346672916
96,57.0,94.85011441529268,1.089988188645337,3.213730203137988
97,28.0,59.25423440005228,1.4380858899743405,3.4502598762232304
98,52.0,50.05886952252004,1.2406294785260137,1.5870917690778137
99,35.0,48.36883440874636,0.6984868449191249,2.514677908526726
100,52.0,55.509050890450574,0.8656042117195404,4.679195275485537
101,54.0,15.520789091611176,0.9990134416268254,2.44714876529687
102,42.0,15.085244724134162,0.9922474247847316,3.9817065682402015
103,18.0,21.727511594614125,0.8141543417279523,1.4575070980353466
104,34.28526645768025,66.03039617025053,1.2151333670511186,3.188225920648055
105,-10.0,59.0111427204319,1.451541747220312,3.253981398871284
106,17.0,54.245829391957415,1.0837051514536062,2.191280734699619
107,19.0,98.23544500941044,1.3605583339260587,3.219150652346053
108,21.0,49.81252402214482,0.5045068448879846,3.511511943837065
109,58.0,83.48069545510704,0.5390550837143103,2.9746591232923283
110,48.0,78.13919997557028,0.893339599193821,4.299025618243372
111,18.0,50.19901501002134,0.6907015971305978,4.810843922760769
112,33.0,71.6229440259134,0.6281292206530849,2.318366826665708
113,11.0,39.736390186987016,0.8082906161942495,2.2696660598911382
114,32.0,48.36883440874636,1.4408883513049169,3.843093026073467
115,27.0,66.00953606704655,1.1002786589783384,1.0978335788784408
116,23.0,74.730576391249,0.6345446934390496,3.104284205321418
117,29.0,47.629176255016816,0.8167827306906619,4.514030837056545
118,59.0,50.38919454649109,1.0239291730467346,4.982913052967167
119,40.0,68.59579394263244,1.003461321235018,1.3332668253694688
120,16.0,70.47269934581163,0.7417649281516662,2.6458443391328066
121,22.0,61.287983893439865,1.1944598270159894,1.525524061954052
122,50.0,72.81986567959436,0.8556720820679204,4.429248443433832
123,47.0,95.21206044785484,0.7246588542833666,2.0703871614657503
124,58.0,7.043181698450862,1.1180372541362231,3.834341850745489
125,32.0,96.27330777459366,0.7681382841505395,1.972399649748204
126,15.0,79.98054159192738,1.0504157024637313,3.8883253040903214
127,42.0,65.37718604912173,0.7254479994364739,2.959466006642657
128,51.0,9.458761178821195,1.1496244187468976,1.2239819759388997
129,23.0,81.78366747786515,1.4149902430918728,1.0153014321474507
130,15.0,27.85266208445295,1.4044548336429596,4.832428689730506
131,15.0,96.854869780313,1.3993115470735973,2.823570489284758
132,39.0,22.274938759822337,0.8206574186617326,2.6311816011749696
133,45.0,52.40338524066704,1.1832245121686245,1.9437952673092356
134,54.0,53.36292658776832,1.0824670557722456,3.1027643337536266
135,36.0,35.45647110815511,1.0839816379235847,2.605576886234496
136,20.0,93.82996074694267,0.91597930117503,4.05352849261644
137,20.0,92.51876324455128,1.0454564589071624,4.068671176311515
138,50.0,14.918024757494289,1.4286874587957317,3.5296488499638112
139,49.0,12.586679160102864,1.079966769938571,4.460096377952909
140,26.0,39.41282473210565,1.298957713317087,2.582051508557724
141,50.0,97.9479800734985,0.5886499095123487,3.2641202940607714
142,34.28526645768025,68.33647470092153,0.6520201659374635,1.7590220300128503
143,53.0,48.39850704380145,0.5620223177112873,1.5648868644458895
144,24.0,40.82202748531485,0.8585097552605067,2.1137453147617897
145,39.0,39.41635123535521,1.4391423916740758,3.854031158307036
146,25.0,96.1306549753026,1.229853762789865,3.808280213059589
147,53.0,76.71020088763608,0.7440978360051504,2.009349434243908
148,44.0,92.34972774080148,1.2138636753804055,2.098188009326151
149,49.0,99.88962602875206,0.8646936965924951,1.5097662464564323
150,56.0,43.65228978914904,0.9043770848706398,4.42002406103332
151,41.0,21.543058200597752,0.8717847224462818,4.713965892943978
152,15.0,7.543497176319613,0.6515643246137828,1.0025877369549936
153,55.0,81.86109506672476,0.8700827863763833,3.1178658066767717
154,49.0,97.6389554201215,0.897493353090304,3.145668801465465
155,29.0,66.14916689469858,0.804367337130455,4.943896756370202
156,48.0,64.96495327030871,0.6627048298963181,3.084207771528818
157,34.0,62.046530205433335,0.9038901879557252,2.8580682060751603
158,54.0,78.04832130473635,1.4999767590964994,4.941049600597745
159,26.0,96.9582947753119,1.2605001631299315,2.118137463448476
160,11.0,59.02702664079873,1.3380247567328407,4.716407455569654
161,29.0,41.52354564314015,0.8376542188118566,3.885230717146295
162,10.0,80.41122976615272,1.3128861388932385,3.768205883564066
163,18.0,22.49819324102281,0.7692849645664945,1.3711063915204993
164,34.28526645768025,10.669500480049276,1.49829409033166,2.0825227705952027
165,12.0,67.83461217514738,0.976206086786551,2.1324823296052733
166,40.0,21.584439276550004,1.0965881907118644,3.286641054553158
167,22.0,64.83790266082441,1.4477375235006638,1.6877303840983997
168,26.0,7.663622132802117,1.1009831599000952,2.9836851558857167
169,14.0,0.521633370769492,1.063839597222796,3.917510379070552
170,41.0,51.59334097566733,1.383702758811589,2.9836851558857167
171,52.0,91.5969025181043,0.8970490198067642,1.2068681786007671
172,21.0,19.601481197773584,1.039736914979885,4.289328656715527
173,57.0,35.9610568977571,1.2491116406666718,4.855096240590127
174,54.0,26.707369994233037,1.2071051624173197,4.593135275759603
175,23.0,71.67806772833099,1.3835912873256668,1.8972822026667904
176,36.0,0.9309843286173236,0.6388555906757459,1.7769849162851608
177,15.0,44.62390662876793,0.6873467863160336,3.908052026607941
178,26.0,89.36226519314717,0.7007892628777497,2.172243743210408
179,14.0,52.15932195406221,0.9676502073622444,2.061887990055511
180,45.0,74.27086344198311,0.8299618300189563,2.3671766293477905
181,50.0,71.96302751465613,1.246154319499866,2.480023665171566
182,36.0,45.87229272384443,1.0311652306759482,3.634911622245613
183,31.0,82.58337446799915,0.575902330279276,4.791409908174848
184,17.0,89.92571965794345,1.0920331805908063,1.7321527522612965
185,21.0,44.90440351309821,0.7775135409096547,1.3830731679486608
186,17.0,34.74407253223932,0.721800479252983,1.1218217978104592
187,59.0,55.41974252680287,1.4891741115968342,3.46814180571125
188,39.0,16.235085564059627,1.0467882942451692,2.715567534263774
189,11.0,65.98553848010198,1.182211378936784,3.1894272922488267
190,46.0,86.66015005922198,1.129845206860995,2.5163197456971105
191,58.0,24.905236515648387,1.3676424148831845,1.8191688972987723
192,44.0,4.983976651017274,0.5216560014295581,2.3971635865037326
193,39.0,54.27241718112901,1.2909421869046729,4.351693263457635
194,30.0,55.75976974239415,1.3407635526124988,3.403008136000094
195,13.0,89.03991252913441,0.8492033567653664,4.585285733828286
196,19.0,7.676351704837659,0.9867317313992682,4.475721184599752
197,33.0,23.0709954016317,0.7863539779838753,4.49951906668577
198,10.0,53.58542176267937,1.4147149746365146,3.468948666738985
199,29.0,59.13337013744141,1.2055804818690006,4.359688303456063
200,46.0,18.294464355892824,1.2013969023422617,1.1779911578169773
201,24.0,61.41836175255637,1.471371753691208,1.627480399751411
202,42.0,34.910924953709795,1.4674094116835432,2.777397312594227
203,27.0,87.7454401288784,0.5376528016270192,2.9836851558857167
204,42.0,64.53022022228463,0.9129369567047916,1.09818623207236
205,25.0,45.67380449061462,1.4320756102767611,4.802715951266423
206,50.0,93.25153485420344,0.7752018663341053,4.422994779250006
207,30.0,52.5190489811519,0.7374002935611045,4.662899703007255
208,38.0,86.38201153401126,0.6167771249594038,2.724485494202868
209,44.0,54.834042292535855,1.1105118473703848,2.9836851558857167
210,15.0,90.740632025116,0.8777431782399889,2.0602746357433004
211,31.0,74.6442905518687,1.2545010887075383,2.817415751027027
212,34.28526645768025,88.74310320577113,1.3352123375349494,2.8994490070920773
213,24.0,67.82503840672305,0.8983312377242159,3.89522376582516
214,24.0,9.642481992659146,1.154689779185726,4.560183758941195
215,14.0,75.00076167084437,0.5864246684826282,3.482912856283665
216,57.0,32.762902529161565,1.391855825111128,1.7041584433997694
217,16.0,43.41798881172426,1.4161348542027694,3.969059694671964
218,28.0,40.99627917423333,0.9482595040275892,4.902492468398013
219,25.0,78.12301587818204,0.7564007221107949,2.6744429851498026
220,60.0,49.46961967538827,1.0999575210921846,4.190584126308252
221,49.0,67.04369564452787,0.918874566190322,1.2275836839651468
222,48.0,43.570513339844,0.7744898963254444,3.977665801730421
223,33.0,6.044411471651512,1.44346282716389,2.9836851558857167
224,37.0,2.6221001742314454,0.7666722327141076,1.0623824045978707
225,13.0,29.505791472361675,0.6247752607990872,2.866555218829871
226,42.0,48.40060980511562,1.2727501570112951,2.834814749209238
227,21.0,65.96488176645636,1.121412109277856,2.9836851558857167
228,26.0,16.137290535700398,0.7672111611047222,2.9836851558857167
229,48.0,8.124518074867993,1.0748559220095455,3.03886737907718
230,29.0,21.916977064055608,0.963895055097268,4.638604291045567
231,16.0,18.89417631999758,1.3921344296515756,2.0023888178833733
232,33.0,38.035570945379895,0.6717435336058613,3.3539784071470677
233,29.0,29.49618499601712,0.7354905136513646,1.5459046272018222
234,57.0,7.893197431271826,0.6817313236875625,3.916400426657277
235,32.0,69.87188596037221,1.469972902577099,1.4683655589118514
236,51.0,70.45817319660628,0.5885516957049761,2.9836851558857167
237,32.0,54.79286788007124,0.6649028429658733,2.692045535205709
238,35.0,89.66762291154303,0.7162575346740483,2.8358505270592085
239,19.0,72.87064064556073,1.1988392939009378,1.55231195180814
240,37.0,54.67937968705841,0.6355753353129483,1.360484034564517
241,20.0,96.33243013452112,0.9884747091740896,4.131669178764595
242,46.0,15.428374353380024,0.8244332661117703,2.021228870320136
243,53.0,15.277560324083206,0.7040812552606486,2.24332870520712
244,29.0,47.76614907676412,0.8233483617809182,2.9836851558857167
245,17.0,88.53251704017715,0.9629718218701498,2.877829532942872
246,31.0,56.67450582512343,1.274337915722794,1.11883344091454
247,43.0,58.12414310570285,0.6957236829136926,1.692173180297912
248,11.0,35.6379251047517,0.9237477818849898,3.1846487504550325
249,39.0,72.10077319472323,1.2475292782343677,2.3480720474552235
250,55.0,8.582180282672635,1.3520873198230374,1.5210474605927111
251,59.0,69.32213246222473,1.3879896558952207,4.320008853208357
252,48.0,94.01052463143616,0.968559020380416,4.467222629803032
253,23.0,83.02452735148029,1.13761417067813,2.9836851558857167
254,48.0,73.94293334967696,1.4168420461184084,2.6106599429557305
255,30.0,78.9360881137367,1.4803658314552623,3.1195941292687706
256,47.0,48.36883440874636,1.2455443689354009,1.9078761260268453
257,57.0,60.22386313381183,1.3191207818046933,1.0235536950091495
258,59.0,38.33413695959439,1.0233150727702545,4.719366032529444
259,59.0,31.471664345634043,0.6779393463811066,3.788345490812019
260,41.0,29.841387594424585,0.8883534547182299,2.952914811210926
261,47.0,40.02145405959009,0.9980202767111008,1.6903973763510884
262,14.0,80.88937423864728,1.4836693574966069,1.5117648823361804
263,21.0,6.096395928486809,0.7151029114299755,1.5793080478018355
264,55.0,70.80092568338598,0.6333342954241504,2.008966544831192
265,46.0,13.129688476599288,1.003461321235018,4.666166967726635
266,58.0,59.90153304635864,0.7921072155985516,4.6990434669715135
267,53.0,98.83064722787329,0.840615135827072,4.522861125417085
268,55.0,39.395235328239295,0.7190068484532588,4.293017173070169
269,54.0,8.404237384136481,1.327886989238483,1.5050039020258557
270,32.0,52.63526127526863,0.8226604712896733,4.8390484221173615
271,25.0,3.931464182544775,0.7641878917269302,2.2588408003095903
272,24.0,93.04990917135972,0.8015801410509165,4.956914123319239
273,20.0,38.95854105741614,0.8943944892233074,3.0454953263947635
274,28.0,16.639884370338475,1.17479066736817,3.742047399572626
275,43.0,76.48433028551267,0.9104158419570116,1.1457247149398415
276,53.0,1.5957650403599088,0.5675018084969602,1.4626291155245652
277,34.28526645768025,44.21559505448744,1.2502379888938913,4.95651589069202
278,44.0,99.49170783367502,1.2638453271773438,1.0901697910298225
279,34.28526645768025,97.7306434950205,1.1227730238275204,3.702856743273659
280,26.0,57.999599773518575,1.3548242419322416,2.0198490678417014
281,50.0,63.64379982113717,0.8341333527768544,3.9554074447617142
282,35.0,38.10838820218555,1.2086695768506046,2.9836851558857167
283,13.0,5.225289437051083,0.5383424788070432,1.8268235101646104
284,18.0,48.36883440874636,0.8207139488647462,4.217606428522932
285,45.0,87.87994358390323,0.8923967189535925,1.6323250218273064
286,41.0,44.06578450818841,1.2421848678926752,2.2853445549377613
287,37.0,78.4988826452738,1.2172042471946023,2.2236256987274823
288,40.0,68.71103966705554,0.9299469896796853,2.953697010866238
289,28.0,79.35912431753876,0.607603650283688,4.124594856989474
290,34.0,27.65464122168053,1.0024286604105954,1.1714670706102963
291,45.0,86.85969297906027,1.4239978160235762,2.9836851558857167
292,26.0,58.4936331884647,1.0060460853522837,2.629262548712516
293,37.0,20.14883261755709,0.60971000859342,2.148729582944437
294,16.0,43.1984865634133,0.7572871757562023,4.8897270094360845
295,55.0,78.93987097943841,0.8352389828956791,1.493895536828814
296,12.0,33.76969832874997,1.069518205699007,3.1208397019590426
297,45.0,72.64649858813144,0.6882848687432997,2.677367338011904
298,22.0,42.02698471683824,0.9723072344838428,1.4323942587165428
299,14.0,90.73677780899423,1.3886844130987548,3.890517493312297
300,25.0,27.2587991038456,0.7490211582219518,2.890547276780679
301,16.0,81.33584462562239,1.3646416386244933,3.1987284498046016
302,33.0,59.26098729141847,1.2887511641039984,3.508049090792704
303,36.0,41.80378626395708,1.289469731496628,2.491833379805924
304,59.0,15.13233593413431,1.431616886674396,4.090996729823819
305,47.0,30.18444538415748,1.2071071947184562,3.437311557263174
306,29.0,30.149690193805437,1.0943759193641642,1.2953389579913228
307,60.0,41.3610575105255,0.9897168208132066,1.9997178070248087
308,35.0,51.52794286359816,0.6856819831643477,3.300869158329381
309,53.0,38.56743592795194,1.404157191997488,2.346624562678213
310,43.0,38.88454019174547,0.6398944169225274,4.05122757142963
311,14.0,45.58111643621263,0.9413818918757304,4.074837390061794
312,25.0,39.1925549405985,0.8156128175540726,3.307830393158252
313,36.0,0.8963390235083524,0.5781746585065068,1.966257261802624
314,37.0,22.24580612488981,1.2528674339962,2.514822876057147
315,35.0,63.06673826842236,1.1717008699175124,2.867287727962944
316,37.0,52.97557963493389,1.1951430919692363,4.329360136899758
317,41.0,91.67823404350185,0.6552547817772544,1.2262888305181607
318,54.0,53.67263257551258,1.0389979656129336,3.2764687321250494
319,34.28526645768025,24.59418992947695,0.5984113713536497,3.583345790188801
320,34.28526645768025,68.8058866233412,1.3162016837324573,3.1698185830384693
321,34.28526645768025,8.651744784772841,0.7293899383005554,4.249842069495887
322,17.0,30.24104405003293,0.576733537439218,4.441919744755942
323,11.0,3.980806494510092,0.9656803276914256,2.9836851558857167
324,14.0,11.943811126664716,0.5545899610403281,1.2267256176400545
325,40.0,75.56801368737051,0.8506050749149572,2.4525657791657145
326,10.0,81.3715157026447,1.043052214566377,2.9836851558857167
327,40.0,71.01862432016462,0.6250309824081678,3.8327426327697793
328,17.0,63.96990601713133,0.8904482019260308,3.4797125993706604
329,41.0,25.45779356229533,0.7929630617678889,4.44936365214345
330,59.0,65.1395533300922,1.4668716335350305,1.031563841898241
331,30.0,33.95037768500564,1.1849297346477532,1.6212295228834823
332,42.0,42.211915775563945,0.9507172750783432,4.919187271967044
333,19.0,16.934226338731108,1.3749756216994582,3.8343241752595776
334,19.0,29.47504609669016,0.9568355077695644,2.5621717605454486
335,23.0,88.77044970665776,1.3996664466482418,3.5771484335196577
336,58.0,57.09807927207208,1.1014915754722456,2.9836851558857167
337,52.0,45.77155736964141,0.6370243095714064,4.200064121072361
338,55.0,26.16838361828897,1.3965771365462434,4.3039931268609095
339,54.0,48.0915070218166,1.0729137314628554,2.6409109942108198
340,58.0,8.387891894963595,1.0247678746384732,3.1307166284301697
341,29.0,51.37287272870902,0.8258176044942992,1.334515602476694
342,15.0,6.606392866479616,1.1419035319232675,4.428822668181836
343,36.0,48.36883440874636,0.7786225152442775,3.438610578639454
344,29.0,88.28228007066532,0.8557804881684732,3.2836112660451
345,20.0,36.344407199924056,1.1624432838616343,3.437613832598309
346,37.0,94.7165259883265,1.0347495769750048,2.6141722454238696
347,34.28526645768025,43.727128734829655,1.336452843193142,2.2747708781111986
348,51.0,19.68009769509009,0.9568333254532768,4.277975463193787
349,35.0,92.2993578340959,1.076795039168089,1.324202000692991
350,57.0,62.072956250824205,0.6528697148023702,1.3117640829419717
351,34.28526645768025,21.555809465548137,1.4421937015976782,4.91204318647051
352,52.0,42.362113976863846,1.434292492025448,4.209954699406069
353,42.0,48.75195890773077,0.6922315490170189,1.123380491342529
354,57.0,33.307637087125705,0.9824414586649378,1.0972541960943598
355,53.0,48.36883440874636,0.9601407559388252,2.5465174947473206
356,55.0,10.548182533625528,0.7306299740835224,4.294410695030528
357,46.0,15.528896177824937,0.9764220559788266,2.471162353924373
358,24.0,48.72875351989445,0.7149305827541408,4.939128786202888
359,51.0,44.60331497053794,0.972542204246274,4.551908954619353
360,34.28526645768025,57.80721067971929,0.5470747544622813,4.13205923541075
361,24.0,44.64159366293548,0.6139792687587147,4.703184208623762
362,15.0,94.03161468419808,0.5343337159063879,2.9836851558857167
363,39.0,65.42055186357216,1.329995216506081,2.9078921770819104
364,11.0,83.9375474864964,1.403739720526978,1.3442443058096516
365,41.0,51.291917588077496,1.4164236584609695,2.5603523328358437
366,58.0,59.508837608799055,0.5280721123943511,3.390783266172308
367,12.0,34.89760881238675,1.2245268247382075,3.560354239299909
368,55.0,22.844897765090987,0.7680136900902432,1.8359390332845056
369,40.0,41.94983666647511,1.1765949350610678,1.3802985024626464
370,59.0,14.177984605668382,0.7916158587898707,4.038139484046475
371,39.0,79.38973261820527,0.8265786853314725,2.8220921837043327
372,28.0,88.949633204178,1.1433083994811468,4.939412137289924
373,27.0,8.98997104114817,1.0316152206372498,2.181799933854571
374,59.0,65.03694781269722,1.414517805332561,2.6486372654597186
375,19.0,97.7654555130299,0.9655683009748544,3.479766412509746
376,24.0,40.33908062297298,0.8660333512067487,4.948329684932689
377,18.0,88.28745022106659,0.8508864547444976,3.964393702325747
378,12.0,50.01124670467757,1.0028719866370563,1.5243592603225324
379,30.0,58.4154668544063,1.2965134208243847,1.4987539924558075
380,43.0,71.0760289497093,1.102227585003246,3.235813095875403
381,48.0,17.468668969156575,0.8123313263430961,3.573398510499567
382,13.0,82.32603234545114,0.6292920288507272,2.372035270550098
383,10.0,79.07139304421527,1.198514386181888,4.212863947902278
384,43.0,13.078919147805257,1.3626428067524912,2.4701949493998785
385,18.0,3.043425404179345,0.9549211497421866,2.21424943636159
386,55.0,30.204423741785703,1.431316774410737,3.6352036773154297
387,32.0,44.82407323514936,1.473205965393963,2.6635338192457394
388,15.0,48.36883440874636,0.8153625582942635,3.2251887523859177
389,13.0,36.2162332810322,0.9480178528869072,4.541291640155944
390,33.0,6.787999333766182,0.5756842516026681,4.544805511729931
391,29.0,7.308488821674841,1.0130888599559138,4.654329407932398
392,44.0,85.30962626542852,1.0323338733798542,4.335581466904053
393,32.0,10.20555369516578,0.5251383921853501,1.712382308762447
394,23.0,37.63850925440882,1.4175291919518132,2.397564955411028
395,33.0,4.438425097731047,0.8374249547519611,2.046714904894778
396,24.0,71.32583281768572,1.3471088543849157,4.607152489913413
397,13.0,92.72704882454094,0.9781770562879474,1.4834536263016616
398,39.0,88.94706241734711,1.4646918379794394,1.9705664857945933
399,13.0,60.73628738586995,1.0387369887510758,4.035704233416588
400,15.0,86.15534569313687,0.7268269129007505,1.834826435791547
401,60.0,80.5722154365767,0.9926308537993196,1.2630654018893988
402,15.0,49.91092347858636,0.8783565221232287,4.576807530992409
403,52.0,65.04191997670405,0.7690901389115313,1.4861447533205423
404,46.0,68.27996858227417,0.7543956230999433,2.224952162241346
405,50.0,21.379158867004435,1.3599153024417991,2.310835297683623
406,35.0,79.80604874012292,0.542829050938395,3.7052343247904895
407,28.0,35.7922340447521,1.1253900195348536,1.5457204844659498
408,34.28526645768025,3.391226198924424,0.8857429842944,2.561859889638608
409,12.0,43.22273914420841,1.344599231292417,4.865803369964212
410,46.0,78.72509017786294,1.4174178355174922,3.868088367603962
411,22.0,13.900923059545676,1.003461321235018,4.215572189524569
412,21.0,11.99347898371802,1.003461321235018,3.313759623658716
413,20.0,93.941294559545,1.0155856236422032,4.804095146218382
414,46.0,81.34973595789403,1.1115861691197773,3.2302845148147816
415,48.0,26.37225915188686,0.8605024451126715,3.29807303160281
416,50.0,48.2169249566238,1.3421627265852234,4.3256455993519385
417,57.0,27.27810696509072,1.3189667069438564,3.526613126430567
418,45.0,39.10462459047326,1.2944987044908265,1.7127507754188755
419,12.0,13.091741589437344,0.9869780966540064,4.517971094866104
420,19.0,52.66373797476513,0.5231790082818321,1.9367620766540077
421,17.0,95.53708455461074,0.7410596196552828,4.826122266844292
422,37.0,99.71641772859527,0.9254086985824398,2.9836851558857167
423,49.0,50.03766097432507,0.7180112214370978,3.119383385689327
424,24.0,62.35233534708245,0.5970942263880957,3.0632116150783864
425,34.0,36.78392140582498,0.7371479706911622,1.2267478784626
426,52.0,0.0855656464349596,1.141900940880336,3.1889546139128893
427,36.0,77.77199753828475,0.5955008491881344,1.6169419389982471
428,16.0,55.061649600859454,0.6548998993542782,2.560910402200592
429,11.0,90.88982277168611,1.142542839770016,2.271853916301407
430,14.0,37.88061460822975,0.6231791925837151,3.078123397615784
431,42.0,55.79040037578228,0.5131391096802789,1.3275324229557035
432,32.0,17.934143108753766,0.8023755962399812,4.219662353123136
433,12.0,38.22047585394773,1.3842381359209392,1.692044608846048
434,26.0,69.41351580117473,0.5070849146211238,2.207571920925977
435,54.0,20.448656551347845,1.0712247977086884,2.4803999452408685
436,34.28526645768025,11.84570773473652,1.3147934469065454,3.907391914389344
437,10.0,43.6370147319393,1.2919738995553174,4.729017724747951
438,58.0,13.40549846994855,1.2538230852254089,1.806293151835098
439,46.0,99.96841447002492,0.558643193883367,3.5748873250602737
440,10.0,34.60425144411642,0.8659274747529354,4.202581649752977
441,24.0,84.62890013746966,1.2320954014368248,1.7483083323548634
442,47.0,58.60125879325883,0.8860720670233586,1.3118423595425903
443,10.0,77.36863297801663,1.127133763030156,1.701556489369032
444,33.0,59.13816836788284,1.4797135619933708,2.3764328346538792
445,16.0,53.46394454009357,1.1027411749874705,2.507099022938077
446,34.0,20.5506382519326,1.4226823649626072,2.014946698530176
447,27.0,74.76927151704413,1.0835106702942594,2.5939337868585657
448,25.0,59.77039594760459,0.5452918062747943,3.944850296101469
449,57.0,34.96575217564334,1.3561669408425163,3.333548284641851
450,59.0,20.21770366052793,0.9199729515668676,4.228436391536746
451,30.0,88.11136043155041,1.2440218016349336,2.8508581987916286
452,54.0,91.96515021970995,0.938228794657784,2.52163727689856
453,59.0,37.567749646783454,1.3203629890311297,1.582755279346702
454,17.0,11.013200639759068,1.1624125805074703,4.771612792560516
455,12.0,19.334846242557823,0.7072999430725943,1.7281625458957477
456,49.0,44.24770364051843,0.9659735413773616,3.3642810860367223
457,34.28526645768025,12.961765268910696,0.9098012185557248,3.1971844335535766
458,45.0,30.860843562703767,0.9152206767117992,2.712254264343635
459,52.0,85.88655738373889,1.3334209110179651,2.9836851558857167
460,11.0,61.977997162270086,0.6829676412621499,3.998411009173625
461,44.0,33.948932399155474,1.2857904348711264,3.749817123038852
462,50.0,40.35361500920581,1.0080653652170095,2.483270175580764
463,24.0,50.72957701764989,1.0995744271205212,2.8621524859134686
464,13.0,11.710364691840969,0.9772837811926964,2.982636543297996
465,52.0,81.42195587485092,0.9635545098046632,1.359175293528016
466,33.0,85.97000404228947,0.6823785866058917,1.2929134170225725
467,41.0,91.79618831586038,1.2969165005213317,4.0450570092657525
468,44.0,77.94266565367828,0.6520153667206708,1.4142645787706
469,51.0,5.283337265883203,1.2039240839459135,2.56745959958551
470,59.0,38.76769412315097,0.9189600160434048,2.9836851558857167
471,20.0,15.900167707216472,0.9032273851849408,2.2892616742639
472,34.28526645768025,57.36523217976163,0.5803127248493707,1.7460481191231465
473,10.0,97.87089183785848,0.6564721760531292,3.1135702615993903
474,27.0,60.99079237049779,1.3715887079709927,4.199912984834461
475,28.0,33.28790532810031,1.465793596685984,3.691096171840999
476,36.0,59.88064519401684,0.5914150292935768,2.2689042293472954
477,46.0,94.94144050668557,1.3215863833586836,3.497943519080519
478,16.0,63.52671940851408,0.57504164830783,4.577367657589278
479,60.0,39.64327268386455,1.185362954166239,3.0570223701570733
480,15.0,15.478780040983874,0.7784696607425642,2.8321274844859303
481,52.0,79.29402324282499,0.9258208089443636,2.9836851558857167
482,15.0,75.83173479079522,1.3821644789987622,1.1899262861807558
483,48.0,27.585088044026477,0.86207611115928,1.808788818431264
484,34.0,8.499232221004082,1.4950427358288985,3.1963602422184056
485,37.0,98.83322123261472,0.5764364099629563,2.686905485972317
486,12.0,91.55070151578336,0.8173451023472846,1.505204401951325
487,46.0,16.070618847836926,1.0760167267936942,3.046457756219989
488,53.0,99.0213366176332,1.003461321235018,2.191839222497194
489,15.0,69.64831799481374,0.64196970832299,2.029562706462616
490,58.0,26.80388598540476,1.2061883763584464,2.9836851558857167
491,28.0,45.86445351346501,1.2841920620757716,4.3353595887594105
492,36.0,8.891875756089263,1.0755537822243408,3.049124708160855
493,56.0,13.291998823139403,0.5315419352137366,4.7407971772811806
494,53.0,0.4508771279145729,1.1117737467945168,3.972347808581148
495,30.0,26.858680376820544,1.3678041188275567,4.631142005284055
496,36.0,39.47139090351512,1.4701439083025027,3.35510852249132
497,55.0,53.687099185248734,1.008750979838976,3.88094744450489
498,17.0,60.06682640699602,1.218967507818448,4.852080305369101
499,37.0,74.26389561294727,1.2979858654288816,1.0582383365612462
500,42.0,48.97790523760786,1.2890835385247292,1.5249140945068105
501,33.0,31.589461849069444,1.2735849666364791,2.5689772419593493
502,18.0,38.67394354676118,0.9339629079954902,2.2536391151116364
503,41.0,86.62132239245213,0.7259242285209011,4.533038489709556
504,35.0,0.5432127603105741,1.3794629377855685,4.678957335306119
505,15.0,17.560770320132203,0.612382616542287,4.090659059625224
506,50.0,34.62144094432729,0.8505767291088716,4.6290805252731335
507,23.0,8.010994568310393,0.7238111609517741,3.185595952696222
508,34.0,96.64975345856166,1.1909596967299645,3.8234800594809535
509,57.0,48.92133584324358,1.139734981986012,1.1497452429820738
510,20.0,25.22572441240889,0.6279988095851771,1.4288979832312063
511,38.0,76.52370952136093,0.7073073097185676,1.3120816306703018
512,25.0,64.90752685974343,1.1876421298720796,2.850201566710361
513,28.0,67.73657114139371,1.0927652318959018,3.1654277405285134
514,53.0,40.15475669853529,0.6130606667501988,2.5113864459925312
515,22.0,70.47559431849015,0.606056746259788,3.77220160722268
516,34.28526645768025,24.14610933770984,1.391664602184458,4.9638084687835695
517,46.0,51.79031499921335,1.4114251588843,2.1949579212420773
518,37.0,95.74205004325904,0.5959960102866453,2.210001480986559
519,52.0,84.01131742330452,0.5304570261799305,2.3187672920758806
520,22.0,56.678711947372165,0.8827398881119073,1.1143678557699075
521,34.28526645768025,28.128514403466752,1.3400115734420996,3.973462721488259
522,11.0,19.08254688107627,0.6393385107260898,2.560183257792106
523,10.0,2.176915001677171,1.011484720337871,4.809004331166598
524,37.0,35.17538299169143,0.9704444894062856,2.550583720414277
525,46.0,93.52677890828268,0.5798419597756975,4.391700633208233
526,60.0,38.57893457278756,1.1774382401403485,1.6811569406588434
527,56.0,38.88484969136382,1.0561875522874264,2.9602627528515515
528,53.0,68.0831206373263,0.7478074475452475,1.6446456706328387
529,19.0,85.08609981670162,0.8563183437867734,2.0409053160537054
530,38.0,10.22653977121819,1.2694013962885171,2.9836851558857167
531,13.0,59.59913930010728,1.2491945769490678,2.768480327511149
532,18.0,74.27080907570361,1.4343739833141704,2.8479453180570453
533,56.0,89.89203460419871,1.0730999918263369,4.681337809007285
534,57.0,8.572648791999981,0.8865596551840149,2.936700863780605
535,21.0,68.04934739401615,1.4878339843364738,3.618284204436759
536,13.0,35.809296503007694,1.1713444455592747,4.716468449024603
537,40.0,43.73423672695689,1.0107189726291903,3.0015854872659293
538,10.0,61.33250256269941,1.477530537514121,4.394443832304516
539,25.0,70.14602890526393,1.2901971953190845,3.0734896917678887
540,57.0,92.00934608817896,1.4492968737124352,3.215456933739816
541,34.28526645768025,56.98674732164846,1.3383601560912617,1.183656930763053
542,45.0,39.137340603751504,1.4700876886543317,1.4468011389773046
543,13.0,45.013636025733526,1.4797450942496888,2.9836851558857167
544,41.0,69.5201181825447,1.003461321235018,4.237984500693571
545,20.0,19.419408761774825,0.8739883787574565,2.8360526813536966
546,40.0,47.96757277008285,1.3929842436948916,4.367682230180209
547,23.0,42.369684235479774,1.0513304133006292,2.401940733056906
548,47.0,37.5078235195292,0.6898426358820108,4.543811169811283
549,25.0,29.749370985589827,1.014546431418454,2.767126846507335
550,59.0,48.36883440874636,1.003461321235018,3.5307108772291893
551,26.0,3.944890273936119,1.0248414302461717,1.2984893999539748
552,45.0,43.84417358809949,0.5344325034458721,2.6664353637989966
553,59.0,48.36883440874636,1.140431321778281,2.9836851558857167
554,14.0,93.38643323815998,0.8959656350072909,2.6243511195958726
555,56.0,81.74354848685059,1.049740578810381,4.462282369103038
556,34.28526645768025,73.41874850654354,1.1700306352324727,1.532506317664132
557,45.0,91.9413068503345,1.3904589272261247,1.146417402797962
558,38.0,44.617522929753925,0.7357256998051799,4.987644707501504
559,27.0,39.62150793226531,0.6388559594553244,2.4005260675333475
560,19.0,90.06153159513046,1.110342900658515,1.6965926961940987
561,40.0,51.217830302692654,0.6482395717530901,2.058235281337748
562,47.0,51.0436055939777,0.8596461354879226,2.806057693400861
563,59.0,89.95059145558409,0.6594244027575268,3.4933182449845632
564,11.0,9.317170607761271,1.0573998978296135,2.596260208547243
565,18.0,25.502188295637364,0.5366214305341358,1.897062777808892
566,26.0,95.42372572597472,0.9407125291268744,4.258430646411464
567,47.0,55.41726901067357,1.2619279019364318,2.3551954108091566
568,41.0,60.973056237379865,1.2342464547608354,1.7242707814604477
569,17.0,45.486081029802506,0.9150351423967964,2.466431726440672
570,56.0,36.30526120318066,1.441038201987532,4.527212117388123
571,47.0,78.43468557856606,1.003461321235018,3.422656645139168
572,14.0,99.11656895049762,0.5135116514341035,2.9836851558857167
573,50.0,3.111856907185928,1.057614232061347,3.031988599304435
574,11.0,94.45635028442275,1.2126472017684442,2.074961537024068
575,13.0,48.90495169083084,0.9826461187686214,4.772436027418605
576,47.0,18.05874401383725,0.502032960095661,4.724442947414676
577,17.0,35.09247398657811,1.496501256767702,1.0511958584858463
578,54.0,24.521864107381507,1.1358412107223552,1.574142169652888
579,27.0,16.28386224265814,1.1618645747981555,2.631825082644383
580,16.0,13.819670661420492,0.719886326340034,2.370365721029712
581,29.0,48.36883440874636,1.385077448138916,1.1894622779102375
582,23.0,48.36883440874636,1.043842116762134,3.622532591566379
583,26.0,58.84328792843936,0.9911011071123716,1.4439323749947732
584,23.0,10.925060315861202,1.0548119830998957,1.1995207788256876
585,35.0,89.0137523592999,0.9025852776517648,4.115396569952225
586,52.0,0.4481748521977691,1.241608884631621,3.713632944611576
587,11.0,73.72465520214004,0.5179335319547107,4.585444256450634
588,28.0,1.0464341623286688,0.5763262453302899,1.3513775536563877
589,56.0,11.58302121679652,1.4015611461669957,1.2231688556715965
590,10.0,58.2222591331615,1.025673618275114,4.138607708647647
591,33.0,14.683797077291691,1.1469099952001789,3.81113033165757
592,19.0,14.523818706832204,1.1163371675883296,3.902452709089578
593,20.0,53.418826479033775,1.4450610871226877,3.1629476243423005
594,34.0,87.84115188902578,0.819433646983297,3.3290669738170595
595,39.0,79.07097429339734,0.8359281340816315,4.262463054816372
596,58.0,70.80326755139114,0.7295219968434277,2.778439741080305
597,17.0,41.6505617066153,1.2316242177727434,1.42951566343526
598,25.0,11.989933324769297,1.0628348877404088,3.803485961585116
599,52.0,12.392644372295724,0.9782274059010672,4.409399166763622
600,34.28526645768025,48.36883440874636,1.1053765950226162,2.9836851558857167
601,34.28526645768025,82.45616623016886,1.4327267753212205,4.160710051464244
602,43.0,19.321894585502758,1.0137375434049063,3.248996526959376
603,20.0,-7.601857344276162,0.6033643432549696,3.4671195468238207
604,56.0,49.83424309366018,0.8959545004135355,4.994207350546454
605,50.0,46.3995691491042,1.4646346681237747,2.106223918347879
606,11.0,1.4490928160838743,0.657165807005341,3.3988958978368777
607,54.0,29.81931453651625,1.4798980292104695,1.958446817613669
608,24.0,14.663432942784338,1.436730847883806,1.4300110743976395
609,29.0,48.301756827558016,1.2526131116508328,1.5498632805134522
610,51.0,70.87372052134658,1.4633435793207243,3.976040194254059
611,11.0,8.104830896006499,1.4205346800999246,3.080791087851248
612,18.0,27.220439724104605,0.6456458545176731,2.083580098434177
613,43.0,87.5875890813347,1.4661903126317697,4.152106990746592
614,21.0,48.36883440874636,0.7361660335666089,4.047534563316972
615,34.28526645768025,36.96468294376223,0.8731484123842393,1.92877383109459
616,59.0,48.554891743504434,0.8312563121485469,1.1943071490224182
617,36.0,51.34864097168245,0.99112517188658,1.1021921448704268
618,45.0,49.010232748650125,1.2819990254433544,4.819919963341677
619,38.0,54.67715227690666,1.4199792895675205,3.323564907062228
620,59.0,57.116784123580985,0.5959103008019135,1.5575873014658472
621,57.0,7.035301331261246,1.046953286724564,2.2279647224333945
622,14.0,15.281575420189364,1.1534679497034626,4.527427337777569
623,18.0,55.98821638487195,1.035372660829727,3.1516489430261783
624,12.0,82.95813522510153,0.5960988769232406,3.809745779019026
625,51.0,11.552242786873435,0.6139525662316788,3.7755532472913336
626,30.0,41.20090150826523,1.3094663849158297,1.5600370923393272
627,14.0,4.569921469090687,1.4380497340352285,4.594379766292602
628,13.0,95.80927005621956,1.4621341453820187,2.0303463616007944
629,49.0,11.890489072350508,1.3791220117437324,2.3322605870350888
630,14.0,87.45751236221949,0.8094558001876725,3.2831382861808507
631,59.0,39.75801212930058,0.5544656081972229,2.9836851558857167
632,25.0,83.31577492941132,1.05205517866859,4.624720216615049
633,44.0,75.28661735562407,0.7682662139311465,4.199281820767313
634,42.0,10.47369792858024,0.9349796293200044,1.9865893179888008
635,28.0,26.508253476220844,0.6960630814964516,1.9128410995531469
636,29.0,8.135465148469102,1.493580605706791,2.9836851558857167
637,55.0,12.844041939996886,0.6088080517600365,3.912926201696613
638,56.0,25.79762278167378,0.6670994087915917,3.0590118835355438
639,55.0,18.4074032770023,0.6448856216620485,1.5222504194613569
640,34.0,23.82972319776543,0.8583990339009723,2.315946944364823
641,15.0,27.238021751045583,1.006880959996876,2.9836851558857167
642,19.0,69.22613744364502,1.0339921408822368,1.0078787766728192
643,24.0,46.95076477507149,1.003461321235018,4.684999253598932
644,17.0,73.62476198895092,0.5455633778533013,1.8450165020116571
645,34.28526645768025,11.841494411241015,1.382453075346635,2.9836851558857167
646,49.0,80.33555826664258,0.8423313870741173,2.963386338254141
647,43.0,51.093505388212144,1.495667445840151,2.327685008884795
648,25.0,95.30235736346808,0.9556810485256976,1.5152111766414134
649,53.0,19.26508326159736,1.3070249822429494,2.9836851558857167
650,42.0,23.22129541809268,0.7325658004783577,2.6781144285420138
651,34.0,10.258458369262168,0.7546183977416477,2.122173767417657
652,47.0,63.78152338126378,1.0998224071490952,4.942599653321027
653,19.0,41.41828405377278,1.234290452215903,1.2596985960080298
654,42.0,95.22107095529957,1.119371775288486,1.4714978825365557
655,34.28526645768025,47.80724560351328,0.9561381799345992,3.5507341171875417
656,31.0,56.41738644380104,0.6903451443357328,4.298521902894191
657,58.0,6.963716524980079,1.436932558367719,3.05357848265099
658,53.0,85.02110406495197,1.2917794874069632,3.101614701012758
659,34.28526645768025,20.729274607287795,1.003461321235018,2.97865887124107
660,18.0,-44.4088022238503,1.2017028974383372,3.704073668512385
661,31.0,9.422068085815894,1.1211354397744129,4.248534595414917
662,33.0,36.40289785130991,1.4595947070937525,4.673693513405027
663,55.0,7.579600965053157,1.399463817745743,4.289267009041941
664,57.0,48.36883440874636,0.5491611319184803,3.0053704294019647
665,41.0,52.19127850880112,1.1610074912979416,2.856217043415514
666,39.0,90.27133614114224,1.3504506859203649,2.5278020168562723
667,49.0,40.59274139322563,0.7155838982915315,1.149611308616323
668,18.0,39.58609132897203,1.4990005291694954,4.4218564402009495
669,35.0,67.35176501329391,0.8841619297150335,2.539316474383264
670,37.0,6.120469431801734,0.906938542815816,4.599054996708824
671,47.0,14.354707803908727,1.476408170990675,1.714757334703131
672,19.0,38.84783152917998,0.6996196149500925,2.062784616319261
673,24.0,2.18548715055924,0.6692623444419412,2.752104553398871
674,54.0,27.19824284155308,1.0970499205417696,4.856250950143096
675,27.0,95.74706431030296,1.003461321235018,2.9836851558857167
676,52.0,95.868948914065,0.6041971221851508,3.699011339039666
677,42.0,15.272159354264137,0.732401741503826,3.958770891611036
678,15.0,30.763905906363487,0.6241904583059781,1.2967966203872323
679,34.28526645768025,9.930131136544729,1.0866329761347562,2.8743638822422413
680,10.0,22.94323624588872,1.0850854426854748,3.968054736213369
681,23.0,88.96349103685523,0.9090425701823416,2.3942214264548958
682,39.0,92.4085700455918,0.7321755609490797,2.2180138417125352
683,25.0,0.3057075817403887,1.074524893358098,4.887179705750342
684,53.0,57.68859597581799,1.3352190317602484,4.849453736947323
685,32.0,33.35788034260892,0.5333197573815719,3.2462064577971725
686,47.0,84.21947266597445,0.7109272195953451,3.813933069817582
687,22.0,89.26245307181878,0.5561862534686504,3.4723394565981938
688,38.0,32.884102733968945,0.6276981421166029,1.3279244692301186
689,15.0,80.21133641615931,1.3372507130837332,2.78649592287359
690,21.0,12.948203573003736,0.7943780514753976,3.0088539613084166
691,21.0,9.932317702773696,0.8910899313578313,4.362319657930421
692,34.28526645768025,24.161863329807165,0.5100546368446497,2.825256113427974
693,59.0,41.76212510708994,0.550520013889443,3.3866134826559504
694,41.0,37.78173925411711,1.4617794884922444,3.2468839948470825
695,51.0,38.787238284982806,1.189462927992115,4.776988227081422
696,38.0,97.56967501674887,0.6742820605482325,2.346727786052039
697,25.0,72.29583284125134,1.204576401644096,2.9836851558857167
698,34.0,68.7637432356881,1.0255600136342915,4.499790153061481
699,26.0,52.92349176609782,0.8749746152049906,1.541853840571489
700,42.0,16.55606668342967,1.0300128929443528,4.330094450133938
701,10.0,77.50141599732164,1.188250872985046,3.360643001953915
702,45.0,96.14279431138183,1.389340801997335,1.3729442102522105
703,25.0,56.29179553543735,0.5860057385054995,4.218985827496258
704,58.0,53.52864893578298,0.6058698155196939,2.002878792575971
705,55.0,49.89286591334812,0.518215000559561,1.1010880705494517
706,18.0,23.217855458323843,1.1753734439388253,3.685259740837441
707,23.0,29.3453165306834,1.2136922211485923,2.9836851558857167
708,18.0,24.52941958007503,1.4838388299212966,1.230658746232948
709,49.0,48.601559822596464,1.319702759501962,2.8327072431531364
710,36.0,9.325354595430325,1.0694608910764465,2.255136373978825
711,47.0,86.04026978218289,1.0197289340063125,4.723085642485008
712,34.0,88.50333126508703,1.003461321235018,1.1906311153146278
713,28.0,85.42264228312607,0.7870370412489841,2.9836851558857167
714,18.0,80.97929600204846,0.62548139632786,3.875421896448264
715,44.0,97.46362704145147,0.8802855565178855,1.5093256371284975
716,46.0,29.51211830589631,1.3896424350830168,4.651986985700045
717,36.0,31.06357924850421,1.0777970295298354,2.5577209269178383
718,49.0,21.56651031579918,0.7239005173343147,4.00396378757325
719,56.0,76.75383486692971,1.3561475001304897,4.437141917175222
720,31.0,6.607268837776948,1.0381286767883189,3.771160845058072
721,16.0,89.94507763950126,0.8022949614159229,2.6644077685703627
722,29.0,1.1405611865517251,0.5757611883827365,2.19264914096959
723,51.0,67.77231064521655,0.8921003200688297,2.164007975378375
724,26.0,99.52937409371424,1.2012956525402416,4.25745777869723
725,29.0,39.36593736499072,0.6058548480339516,3.3857224223070603
726,59.0,62.64154943327258,1.4977765333988855,1.2305167548860654
727,53.0,63.890834682134646,1.003461321235018,1.1725638255024011
728,58.0,90.87669438040272,0.8068483020235728,2.594319645469396
729,23.0,64.61227090876639,1.4226856430207278,2.5462582434513394
730,43.0,77.9855673853317,0.553499122628445,3.1504200302967544
731,28.0,73.04781096554133,0.8739175634778491,3.804550160554447
732,16.0,27.979398922517063,0.6971915938929619,4.631650756568069
733,47.0,43.6134864709826,0.846772663985879,2.236459318833224
734,41.0,33.49850726733384,1.2191872976015672,2.66376109715322
735,30.0,88.46792851699547,0.8832947711641664,2.6973007195719747
736,43.0,95.29571656509184,1.0683808331848907,4.592475512111381
737,26.0,4.427484512200364,1.406382330682695,2.4677657087345937
738,33.0,3.6307930903385577,1.2684037573116416,3.658566224110101
739,55.0,52.631794950137,0.757785806285257,4.648160235968323
740,21.0,20.13052958186073,0.5839153441034481,4.538815324787327
741,15.0,27.93083421786477,0.7844788603678984,2.5899388877668383
742,36.0,48.36883440874636,1.4660275068448605,2.2434506957949885
743,24.0,43.66881613139596,0.6400261660444594,1.3674986210144522
744,43.0,91.91848223663033,0.9588853982331949,2.2830016622079428
745,21.0,10.86906050022698,0.7864476882017749,1.2088691782900929
746,27.0,2.062761374027444,0.970735179234396,1.3267192817676592
747,32.0,31.675634885076008,0.9786235312930864,4.798877522157253
748,60.0,76.7606533583963,0.9600019881590968,1.3885273257025057
749,55.0,55.636279245872544,0.6160725417989961,2.9836851558857167
750,18.0,58.61241236444428,1.2825895205108506,3.507402652870193
751,52.0,84.77978679256613,1.3690159282514012,3.94359202007104
752,16.0,42.48116519623611,0.5975949422380953,3.98415607523558
753,23.0,25.781452405959705,1.111164220724607,1.138847363618298
754,37.0,60.4169671634187,0.6595516567482721,1.7812011807004198
755,30.0,34.246836814703606,1.280861305155228,3.4035915957529137
756,26.0,68.39500611399512,1.4157398641007677,2.9836851558857167
757,56.0,43.61289078515347,0.8692537890178363,1.4483964742605693
758,27.0,86.12606825898361,1.1908956201104663,3.071768689119603
759,45.0,6.701999355210786,0.668535878521532,4.183570322884923
760,21.0,50.73337922265863,0.751244160523079,2.006118010328035
761,38.0,11.3713230493779,0.7731912241789378,2.031160823606879
762,35.0,94.36329202206149,0.8111301252880057,2.748215715071445
763,15.0,53.26076403455507,1.1510071397129782,2.9836851558857167
764,40.0,71.03320946912557,0.5677900147498282,3.260786507189027
765,34.28526645768025,52.59166639422647,1.3393484036590668,1.8755665414029743
766,53.0,36.70277213049861,1.2703735507234009,3.811220827676528
767,-13.0,0.9373832569759544,0.7130350475402373,2.4598862562002486
768,35.0,43.61092134591696,1.132018133354041,4.778302876222079
769,34.28526645768025,27.296951702672413,1.433273650644347,3.6330257181859977
770,39.0,58.53607236995592,0.971697541681916,2.0227430466033987
771,46.0,34.49721371848641,0.6938739872534,3.029607439079508
772,30.0,56.84277105912464,0.5618097928119675,1.909142735312156
773,56.0,95.0910464698496,1.1595437367911263,1.6381076048352252
774,22.0,57.50857474565698,1.1946321835463545,1.2450768358288546
775,60.0,48.47652598756811,0.5974306619266352,2.0924939141153374
776,15.0,11.106917985826858,0.7649961677965416,3.190075777321577
777,19.0,94.89074751778956,0.6617200403663575,4.203876618849357
778,11.0,7.701088195881612,0.8148370153373814,2.6113656674186765
779,37.0,85.7669900377769,1.216570352357664,4.270652931072734
780,44.0,86.94067248083634,1.1518840016360414,3.3309196039234656
781,49.0,60.688054669937095,1.3868813139464358,1.2503860251067396
782,38.0,18.090725115975797,1.392235207836832,1.3148105039990252
783,24.0,70.26757600955636,1.1148088830088352,4.187242379854906
784,44.0,32.74753627287237,0.9249613229571696,2.3331929143283827
785,21.0,92.68707113707632,1.4595451022757886,2.8934114959674644
786,58.0,98.50195308855184,0.6830554982602491,4.84472931883739
787,14.0,55.22381093764517,0.5406154742630478,1.8940666133616568
788,46.0,73.81305592196473,1.003461321235018,4.406579134087765
789,13.0,42.634189721937,0.5230727208651414,2.9836851558857167
790,27.0,5.196757414074426,1.1883405623399432,1.8370126148747592
791,22.0,30.18882339450647,1.0928162127780805,4.621204186707589
792,23.0,48.58276213860271,1.3742567615249488,3.4602063094292355
793,43.0,52.95127274563208,1.1342885584481217,4.598308529147349
794,19.0,38.034509662757685,0.9337937737914564,4.45955848609435
795,38.0,92.09788066605492,1.2603701529284264,2.5451952895691328
796,25.0,69.87295536822377,0.6961177276077388,4.447639111261925
797,43.0,48.36883440874636,1.347745361967296,1.0902147957885808
798,23.0,23.96690362291272,0.8684004007950431,4.3903566882591285
799,25.0,9.23303770456826,0.5379743735971754,3.392963600315191
800,48.0,56.64471397645061,0.8352706215376345,1.648488675473236
801,50.0,13.181051156526657,1.1135397202106034,3.3564207080365343
802,25.0,48.36883440874636,1.3069600906437548,2.9836851558857167
803,33.0,15.83234150366284,0.7608898439805148,2.599935673746084
804,49.0,78.57507843882694,0.5267970070767997,4.991431813844468
805,12.0,48.36883440874636,1.3837961450726608,4.497517040989418
806,37.0,23.648725556079697,1.0405868802075855,2.818757554099957
807,34.0,5.530773062186267,1.4913448504221107,2.9836851558857167
808,26.0,15.26742502417916,0.9894190097933514,1.6719447677973678
809,44.0,15.11569034098933,1.1183824108118268,4.313865980296118
810,31.0,80.12029703321843,1.238281763101038,2.4161968143768955
811,52.0,37.30952617056261,1.078386740964721,1.78607520171815
812,51.0,31.47542465317348,0.595941122901514,1.9761895558515703
813,34.28526645768025,86.89293138837907,0.7863514597581877,2.6503675515863905
814,34.28526645768025,19.80120325117698,0.51349252858635,3.066887132319997
815,34.28526645768025,39.70146517762654,0.7632463405909358,3.529257563973682
816,28.0,28.77918868996705,1.295295303874448,1.2114388935239924
817,45.0,28.049991747319915,0.684618558114636,3.675268192723868
818,32.0,81.10326124763192,0.858560459409606,2.2410119799301165
819,32.0,57.54182449703428,1.0419473319980002,3.2017127591563272
820,20.0,42.7151263511785,1.1353116170843358,2.2110628853469865
821,22.0,7.894930826084867,0.6433149971695643,1.9939742204029645
822,39.0,49.61047369804614,0.5482499687757338,4.964502218384462
823,54.0,35.22154086159976,1.0608824847058405,3.9513924343372615
824,36.0,5.486723806474602,1.0974698991087948,1.9652742413959816
825,52.0,29.97123052243914,1.0522147614712272,3.774702676455891
826,25.0,88.64970650253898,1.4063472209693435,2.6579097515983943
827,34.28526645768025,49.39673977817238,1.2480616108899418,1.5150849696335218
828,25.0,50.260663307011576,1.072307943018119,3.3500030218417387
829,20.0,29.68345416397269,0.8956720782973152,3.571354106526437
830,54.0,20.95454550527316,1.278291950050982,2.9836851558857167
831,39.0,79.3338607062414,0.6448635710799411,3.612196689828938
832,18.0,68.53730381002518,1.0760141411593611,1.5004111362899335
833,33.0,84.41771304495938,1.2658961730779628,1.670261917476398
834,56.0,19.117484199069057,0.7790416739071847,2.9836851558857167
835,14.0,37.89023067320832,0.547420331296922,2.237532175311423
836,11.0,68.38578600625893,1.003461321235018,3.80928636594478
837,10.0,23.474039259603806,0.8503757596040981,1.6163531897766037
838,14.0,26.013224132082424,0.7039564385046275,1.3093421012764086
839,18.0,18.39898861777699,1.417515098930762,1.9956400340772835
840,48.0,37.47914099039093,0.5211048963099774,2.700146753303281
841,19.0,93.21192584972344,1.0287141361239724,3.3966573098052915
842,33.0,67.44944065611493,1.268517760668178,2.4928477472988058
843,58.0,26.193976494300863,0.764804925627121,2.9836851558857167
844,56.0,52.54853805375671,1.1345949995507438,4.169606926845402
845,35.0,64.2061865007086,1.0098557595316788,3.130112320807491
846,59.0,48.85490058327394,1.045244558454692,4.510296372963792
847,30.0,57.74841710251511,1.2345517761980571,2.532012987489888
848,53.0,95.26591124398776,1.3148482408225086,2.680636182579101
849,29.0,54.44204619003331,1.4276936553098925,1.398453581506549
850,18.0,77.95486544258398,1.1675542048718377,3.848645063048141
851,25.0,1.3319725593310403,1.0442504490912978,3.4806727210683523
852,34.0,20.267694461052766,1.2738494767380542,3.986119009917812
853,29.0,52.37790673437992,1.3811421270746105,2.9824139750884826
854,15.0,1.7031938173438732,0.898312556600954,2.5491578960992727
855,54.0,81.88388932727936,0.5548902396038413,1.6936051028787025
856,20.0,70.02688772817669,1.484419591540002,2.365036978407612
857,55.0,18.020909671168205,0.5053373083717564,1.123261009911637
858,47.0,66.84909021988052,0.9166295703438888,2.741592742585869
859,34.28526645768025,64.79201137468283,1.1581135688718178,4.866453459372528
860,34.28526645768025,86.18672737340879,0.5353555331685449,1.923274244794432
861,58.0,23.359157519507978,1.058148165910849,2.9836851558857167
862,26.0,48.36883440874636,0.6785847863761183,2.9836851558857167
863,41.0,28.32277616183174,0.6025832922076412,1.475221989681347
864,53.0,18.118985555483192,1.138935863558531,2.7865357343989743
865,44.0,87.22741385692788,1.0180510670612957,3.708830490608135
866,32.0,-42.4392969576189,1.270572573616513,4.569035772826013
867,26.0,23.8041268379996,1.3928572532178,3.2269666300758697
868,32.0,20.123674795923087,1.003461321235018,2.203793532287077
869,34.28526645768025,69.95215321005544,1.3867451314958985,1.549553063048541
870,26.0,89.45850409581834,0.6732976820413411,4.4110644221880815
871,41.0,42.56192470878675,0.8769978146562586,4.741132285563834
872,45.0,46.862838035656175,0.8830649635583959,2.340253049395166
873,47.0,48.36883440874636,0.6154785657280345,4.415131387249707
874,45.0,82.49716266459819,0.5158451668168356,2.9165229697040167
875,42.0,48.62761000249768,1.1613369123129254,1.812352837085116
876,15.0,21.03101523161044,0.6912912506423039,1.3700482315268787
877,27.0,58.4337411263104,0.6830394356308488,4.599613381004261
878,60.0,80.28821275638587,1.3664142567939166,3.748663669160346
879,20.0,55.17381318332117,0.6614907697661028,1.3041425988890407
880,52.0,34.63432930268697,1.46402154947596,2.4263466305686605
881,29.0,50.141444774739,1.3698019144213405,1.5105142345833382
882,58.0,71.7216770668082,0.5774632466882816,2.911886577732287
883,20.0,68.05890078877415,1.2061463599504547,3.3635895247136918
884,28.0,97.60482017556086,1.497255221510979,4.546220209762586
885,17.0,80.4780564478915,1.025382658556333,2.3486398472793537
886,48.0,62.22922494398512,1.1582747606025396,4.921628335161884
887,48.0,25.201469002765144,0.8245488585453419,3.932247526579874
888,32.0,7.05782734197048,0.7573606165038788,4.090373554115116
889,43.0,41.060792977100526,0.8674574841381452,2.9836851558857167
890,39.0,15.133248698606582,0.8582233222927631,2.548419774895325
891,12.0,21.34411940987706,1.0042704141947274,3.492344692217949
892,60.0,39.19387364908052,1.3858268983725874,4.095659030751452
893,46.0,22.22116906076076,0.5255767566903037,4.683903635119125
894,51.0,63.00396222573595,0.8531141520180684,1.3307808823296732
895,16.0,97.89288815747986,1.293939811202122,3.994871203356442
896,12.0,7.150851235942357,0.9223581588570696,4.549337909851991
897,29.0,19.11063733035586,1.0876331444852825,3.250551167483094
898,13.0,64.68357817620034,1.4326314280344077,4.629920475067008
899,39.0,67.34781390214147,0.942854549706816,4.9249819531637975
900,34.0,49.12011093715025,1.4906247790067044,3.3078906160953383
901,15.0,54.89310038034181,1.4581872071317352,2.882608492152556
902,32.0,85.91868797057813,1.488930445153935,2.9836851558857167
903,25.0,62.59958440020649,0.5285840118883903,4.422882085738312
904,50.0,67.31988812281874,1.3131783699131327,2.1548901309258666
905,25.0,77.24785854732723,1.1398355857501263,4.827563130830713
906,14.0,90.610447669221,1.2441055368682972,1.2140910149414403
907,53.0,87.72792823255575,1.0182827239682244,1.4835928006357602
908,43.0,69.69671127904368,1.003461321235018,2.63298837095467
909,19.0,87.12311412699361,0.5722764814348938,3.4837693387698656
910,22.0,52.65460210147056,0.7976470509027428,1.831714612132135
911,23.0,23.3572366528122,0.8434769807886142,2.1945685621261566
912,52.0,25.80158120780022,1.481050597060478,2.7273691023966204
913,15.0,64.1596891101749,0.8473794560594561,2.2326213618440325
914,29.0,-4.123090416879563,1.4058155590164758,1.6546569737460026
915,52.0,64.95935877323845,0.8339779259675613,2.6985222070561767
916,19.0,89.30166525280012,0.8518036491257199,2.666873614679106
917,23.0,5.617703906007465,1.2352158166754783,4.946612138474078
918,26.0,53.32574536735522,0.5755185406618345,1.754923973638598
919,42.0,8.45177037127386,1.0524779025620146,4.674599921013261
920,41.0,17.849414111205597,1.3738755663049766,4.44590372356048
921,27.0,56.27010594551233,0.7924386291069501,1.6166141647915429
922,50.0,2.235442820228295,1.148206268851245,2.179081885428686
923,20.0,23.70473615580748,0.8777658690761002,2.1178378813805288
924,16.0,8.558596192834699,1.006810556774915,1.404760429276461
925,52.0,23.715910532789152,1.003461321235018,4.284209634087592
926,16.0,90.53323016621344,1.3395590697162736,4.818437807630042
927,26.0,47.7930439839331,0.8397070801779756,2.9687396173576786
928,34.28526645768025,62.84636871861424,1.3490043910709415,1.322052736155832
929,36.0,46.49875830642385,0.9375705890168144,3.538166918495796
930,21.0,30.89379765625391,0.5053550194656276,2.44442491460585
931,22.0,38.61004849805938,0.981005314199706,1.653650226541398
932,15.0,90.79177141008344,0.8018495253482305,1.0955590437136706
933,24.0,19.43180056297331,1.3724344614593846,2.9836851558857167
934,30.0,18.717463823872304,1.1233226978010322,3.883766018331378
935,34.28526645768025,12.397080670133898,1.0860953374312134,3.2252292497666475
936,40.0,4.102458777183148,1.4331779969217655,1.0349472039471124
937,31.0,31.51576351369183,0.8744381055592019,3.508010404243912
938,41.0,53.41611618085926,0.8580775529864649,1.8191696928659808
939,33.0,22.579822061263144,1.396223762465553,3.0589857967129026
940,31.0,56.61594666832018,1.4418721498936158,1.8141884997445248
941,28.0,44.7137806542832,0.8846007208797458,2.4051756304087424
942,29.0,95.96802043260702,0.5780403459719381,3.99173077794384
943,16.0,41.38399292511452,1.1430355109603243,4.336636196281932
944,47.0,43.70269795615569,1.2089279226952223,2.24244412517009
945,38.0,35.06260439269907,0.8524236661255838,1.861389842767767
946,42.0,19.47701978999425,0.5108177537361301,3.961647079452246
947,17.0,45.80252686819851,1.1588436667132749,4.734881517783041
948,25.0,31.26729906915846,1.1782924298705613,3.6015285625698894
949,24.0,40.49471210071452,0.6552902482230075,1.7795625660325016
950,42.0,13.61136328927829,0.8333074117469518,3.701480625338553
951,26.0,19.847342600703232,0.894805281837268,2.7058661787007035
952,34.28526645768025,62.43844229178862,1.2623796365556532,4.976740960201207
953,59.0,76.58559470303027,0.9828837202828132,4.957104486922665
954,51.0,10.055433390435342,1.21713147591112,3.20829249809588
955,39.0,99.9292620221815,0.7353343128050542,3.8546168089401713
956,59.0,57.01538870132924,1.3155842328724117,4.784115999158075
957,23.0,1.3211939097449887,1.1345477773179065,1.6175484435848664
958,44.0,78.44275842811342,0.8688534884104102,4.97637010164327
959,35.0,35.874033049243,1.3144239282691044,2.233602759140964
960,-13.0,13.736593372571203,1.0035886045854494,2.9836851558857167
961,11.0,47.4429839003244,1.1081185162270617,1.6773915560113326
962,21.0,29.91446940441413,0.7965143916141432,2.514232855914843
963,35.0,10.175622267306949,0.8676034027176762,1.3597594541547655
964,56.0,85.33826813880965,0.9662539791814204,1.7596379990105668
965,25.0,16.272808478316936,1.2765345816795728,2.8986761320130348
966,47.0,17.23483091000435,0.9622442580028424,4.442946679297291
967,55.0,12.407406957846268,1.090191598414938,1.4461656454426186
968,42.0,5.300139594214038,1.2546778772243536,1.1475519698656398
969,37.0,70.12100532260216,0.8508754720351802,3.456033978140644
970,47.0,12.08849254248292,1.1089711910981854,1.6537714603382363
971,24.0,82.48918904376514,1.4526657678692088,2.438232316764927
972,46.0,33.48379688421122,1.036521369253636,3.5555332341431467
973,29.0,24.889116907676502,0.6989059617859665,2.599628444098273
974,25.0,51.13891592268281,1.4842198092328398,4.087721399144238
975,19.0,54.2106891936799,0.671543219983501,2.4936895646594093
976,23.0,71.6992561564743,0.8246977231794358,3.952967368657193
977,32.0,11.90224793543132,0.7592506099802918,4.8811975304649655
978,48.0,16.9078708890667,1.3023023486820526,4.082842312608362
979,20.0,86.43055134757647,0.654717075603556,3.2579215779882307
980,36.0,83.48285558060383,0.6665925792175639,1.3492184136565606
981,23.0,17.702505359696787,1.3807776178798885,1.673469317616347
982,46.0,76.30871213402317,0.7556160617647706,4.433817376662639
983,29.0,62.54989012854693,1.0749966918150873,2.174974968348842
984,12.0,13.254077594451896,0.5662429709873786,1.1164345274059575
985,36.0,21.56830154240573,1.0849542974461757,1.0462210113908983
986,51.0,49.85644676191501,1.003461321235018,2.3565081566206536
987,27.0,3.8463996587401295,0.8336001159011103,1.846203125822623
988,54.0,44.09859692441466,1.2980272951657803,1.9778841122294208
989,32.0,92.24212779931864,1.4926892701212884,1.975216515450986
990,21.0,35.924533651171295,1.4756741923274768,3.241268745297111
991,23.0,43.4528476023913,0.5460751927837477,2.6198622285216837
992,39.0,57.89445027476668,1.141114989774621,3.894745327112704
993,29.0,17.93466298999763,1.1866551060768056,4.401666028060907
994,11.0,0.8849156123100999,1.390283806287396,1.6711918513719906
995,28.0,45.27300574567178,1.1246650306140311,3.893456662429275
996,18.0,50.412497053018654,1.2911018252356383,2.202007694240643
997,39.0,41.876185497972095,1.046672534030283,2.804856541686421
998,37.0,33.475108085700164,1.2873400017716778,4.197176796270307
999,19.0,51.85375070904754,1.2182943282458325,3.838782837393974
